{
    "a1": "R",
    "b1": "N",
    "c1": "B",
    "d1": "e",
    "e1": "K",
    "f1": "e",
    "g1": "N",
    "h1": "R",
    "a2": "P",
    "b2": "P",
    "c2": "P",
    "d2": "P",
    "e2": "e",
    "f2": "P",
    "g2": "P",
    "h2": "P",
    "a3": "e",
    "b3": "e",
    "c3": "e",
    "d3": "e",
    "e3": "e",
    "f3": "e",
    "g3": "e",
    "h3": "e",
    "a4": "p",
    "b4": "e",
    "c4": "B",
    "d4": "e",
    "e4": "P",
    "f4": "e",
    "g4": "e",
    "h4": "e",
    "a5": "e",
    "b5": "e",
    "c5": "e",
    "d5": "e",
    "e5": "e",
    "f5": "e",
    "g5": "e",
    "h5": "Q",
    "a6": "e",
    "b6": "e",
    "c6": "e",
    "d6": "e",
    "e6": "e",
    "f6": "e",
    "g6": "e",
    "h6": "e",
    "a7": "e",
    "b7": "p",
    "c7": "p",
    "d7": "p",
    "e7": "p",
    "f7": "p",
    "g7": "p",
    "h7": "p",
    "a8": "r",
    "b8": "n",
    "c8": "b",
    "d8": "q",
    "e8": "k",
    "f8": "b",
    "g8": "n",
    "h8": "r"
}