{
  "a1": "e",
  "b1": "e",
  "c1": "e",
  "d1": "e",
  "e1": "e",
  "f1": "e",
  "g1": "e",
  "h1": "e",
  "a2": "e",
  "b2": "e",
  "c2": "e",
  "d2": "e",
  "e2": "e",
  "f2": "e",
  "g2": "e",
  "h2": "e",
  "a3": "e",
  "b3": "e",
  "c3": "e",
  "d3": "e",
  "e3": "e",
  "f3": "e",
  "g3": "e",
  "h3": "e",
  "a4": "e",
  "b4": "e",
  "c4": "e",
  "d4": "e",
  "e4": "e",
  "f4": "e",
  "g4": "e",
  "h4": "e",
  "a5": "e",
  "b5": "e",
  "c5": "e",
  "d5": "e",
  "e5": "e",
  "f5": "e",
  "g5": "e",
  "h5": "e",
  "a6": "e",
  "b6": "e",
  "c6": "e",
  "d6": "e",
  "e6": "e",
  "f6": "e",
  "g6": "e",
  "h6": "e",
  "a7": "e",
  "b7": "e",
  "c7": "e",
  "d7": "e",
  "e7": "e",
  "f7": "e",
  "g7": "e",
  "h7": "e",
  "a8": "e",
  "b8": "e",
  "c8": "e",
  "d8": "Q",
  "e8": "K",
  "f8": "e",
  "g8": "e",
  "h8": "k"
}